<?xml version="1.0" encoding="UTF-8"?>
<depth_maps version="1.2.0">
  <blocks>
    <block path="data0.zip"/>
  </blocks>
  <meta>
    <property name="BuildDepthMaps/cameras" value=""/>
    <property name="BuildDepthMaps/downscale" value="2"/>
    <property name="BuildDepthMaps/duration" value="89.927435"/>
    <property name="BuildDepthMaps/filter_mode" value="0"/>
    <property name="BuildDepthMaps/max_neighbors" value="16"/>
    <property name="BuildDepthMaps/max_workgroup_size" value="100"/>
    <property name="BuildDepthMaps/reuse_depth" value="false"/>
    <property name="BuildDepthMaps/subdivide_task" value="true"/>
    <property name="BuildDepthMaps/workitem_size_cameras" value="20"/>
    <property name="Info/LastSavedDateTime" value="2025:03:25 01:43:47"/>
    <property name="Info/LastSavedSoftwareVersion" value="2.2.0.19890"/>
  </meta>
</depth_maps>
