<?xml version="1.0" encoding="UTF-8"?>
<frame version="1.2.0">
  <cameras>
    <camera camera_id="0">
      <photo path="../../../IMG_0130.JPG">
        <meta>
          <property name="Exif/ApertureValue" value="1.66375"/>
          <property name="Exif/DateTime" value="2025:03:24 21:31:48"/>
          <property name="Exif/DateTimeOriginal" value="2025:03:24 21:31:48"/>
          <property name="Exif/ExposureTime" value="0.00258398"/>
          <property name="Exif/FNumber" value="1.78"/>
          <property name="Exif/FocalLength" value="6.86"/>
          <property name="Exif/FocalLengthIn35mmFilm" value="24"/>
          <property name="Exif/GPSAltitude" value="461.272053872054"/>
          <property name="Exif/GPSDate" value="2025:03:24"/>
          <property name="Exif/GPSImgDirection" value="113.32052613361"/>
          <property name="Exif/GPSLatitude" value="23.9427694444444"/>
          <property name="Exif/GPSLongitude" value="120.930877777778"/>
          <property name="Exif/GPSTime" value="13:31:48"/>
          <property name="Exif/ISOSpeedRatings" value="80"/>
          <property name="Exif/LensMake" value="Apple"/>
          <property name="Exif/LensModel" value="iPhone 14 Pro Max back triple camera 6.86mm f/1.78"/>
          <property name="Exif/Make" value="Apple"/>
          <property name="Exif/Model" value="iPhone 14 Pro Max"/>
          <property name="Exif/Orientation" value="3"/>
          <property name="Exif/ShutterSpeedValue" value="8.59674"/>
          <property name="Exif/Software" value="18.3.1"/>
          <property name="File/ImageHeight" value="3024"/>
          <property name="File/ImageWidth" value="4032"/>
          <property name="System/FileModifyDate" value="2025:03:24 21:31:48"/>
          <property name="System/FileSize" value="2355801"/>
        </meta>
      </photo>
    </camera>
    <camera camera_id="1">
      <photo path="../../../IMG_0131.JPG">
        <meta>
          <property name="Exif/ApertureValue" value="1.66375"/>
          <property name="Exif/DateTime" value="2025:03:24 21:32:21"/>
          <property name="Exif/DateTimeOriginal" value="2025:03:24 21:32:21"/>
          <property name="Exif/ExposureTime" value="0.00280112"/>
          <property name="Exif/FNumber" value="1.78"/>
          <property name="Exif/FocalLength" value="6.86"/>
          <property name="Exif/FocalLengthIn35mmFilm" value="24"/>
          <property name="Exif/GPSAltitude" value="467.013298854821"/>
          <property name="Exif/GPSDate" value="2025:03:24"/>
          <property name="Exif/GPSImgDirection" value="210.545608585145"/>
          <property name="Exif/GPSLatitude" value="23.9429305555556"/>
          <property name="Exif/GPSLongitude" value="120.930861111111"/>
          <property name="Exif/GPSTime" value="13:32:20"/>
          <property name="Exif/ISOSpeedRatings" value="80"/>
          <property name="Exif/LensMake" value="Apple"/>
          <property name="Exif/LensModel" value="iPhone 14 Pro Max back triple camera 6.86mm f/1.78"/>
          <property name="Exif/Make" value="Apple"/>
          <property name="Exif/Model" value="iPhone 14 Pro Max"/>
          <property name="Exif/Orientation" value="6"/>
          <property name="Exif/ShutterSpeedValue" value="8.48139"/>
          <property name="Exif/Software" value="18.3.1"/>
          <property name="File/ImageHeight" value="3024"/>
          <property name="File/ImageWidth" value="4032"/>
          <property name="System/FileModifyDate" value="2025:03:24 21:32:21"/>
          <property name="System/FileSize" value="2301865"/>
        </meta>
      </photo>
    </camera>
    <camera camera_id="2">
      <photo path="../../../IMG_0132.JPG">
        <meta>
          <property name="Exif/ApertureValue" value="1.66375"/>
          <property name="Exif/DateTime" value="2025:03:24 21:32:23"/>
          <property name="Exif/DateTimeOriginal" value="2025:03:24 21:32:23"/>
          <property name="Exif/ExposureTime" value="0.00310559"/>
          <property name="Exif/FNumber" value="1.78"/>
          <property name="Exif/FocalLength" value="6.86"/>
          <property name="Exif/FocalLengthIn35mmFilm" value="24"/>
          <property name="Exif/GPSAltitude" value="466.569506040679"/>
          <property name="Exif/GPSDate" value="2025:03:24"/>
          <property name="Exif/GPSImgDirection" value="209.415847665848"/>
          <property name="Exif/GPSLatitude" value="23.9429305555556"/>
          <property name="Exif/GPSLongitude" value="120.930861111111"/>
          <property name="Exif/GPSTime" value="13:32:22"/>
          <property name="Exif/ISOSpeedRatings" value="80"/>
          <property name="Exif/LensMake" value="Apple"/>
          <property name="Exif/LensModel" value="iPhone 14 Pro Max back triple camera 6.86mm f/1.78"/>
          <property name="Exif/Make" value="Apple"/>
          <property name="Exif/Model" value="iPhone 14 Pro Max"/>
          <property name="Exif/Orientation" value="6"/>
          <property name="Exif/ShutterSpeedValue" value="8.32887"/>
          <property name="Exif/Software" value="18.3.1"/>
          <property name="File/ImageHeight" value="3024"/>
          <property name="File/ImageWidth" value="4032"/>
          <property name="System/FileModifyDate" value="2025:03:24 21:32:23"/>
          <property name="System/FileSize" value="1177251"/>
        </meta>
      </photo>
    </camera>
    <camera camera_id="3">
      <photo path="../../../IMG_0133.JPG">
        <meta>
          <property name="Exif/ApertureValue" value="1.66375"/>
          <property name="Exif/DateTime" value="2025:03:24 21:32:26"/>
          <property name="Exif/DateTimeOriginal" value="2025:03:24 21:32:26"/>
          <property name="Exif/ExposureTime" value="0.00395257"/>
          <property name="Exif/FNumber" value="1.78"/>
          <property name="Exif/FocalLength" value="6.86"/>
          <property name="Exif/FocalLengthIn35mmFilm" value="24"/>
          <property name="Exif/GPSAltitude" value="466.929866036249"/>
          <property name="Exif/GPSDate" value="2025:03:24"/>
          <property name="Exif/GPSImgDirection" value="195.886825508059"/>
          <property name="Exif/GPSLatitude" value="23.9429333333333"/>
          <property name="Exif/GPSLongitude" value="120.930861111111"/>
          <property name="Exif/GPSTime" value="13:32:25"/>
          <property name="Exif/ISOSpeedRatings" value="80"/>
          <property name="Exif/LensMake" value="Apple"/>
          <property name="Exif/LensModel" value="iPhone 14 Pro Max back triple camera 6.86mm f/1.78"/>
          <property name="Exif/Make" value="Apple"/>
          <property name="Exif/Model" value="iPhone 14 Pro Max"/>
          <property name="Exif/Orientation" value="6"/>
          <property name="Exif/ShutterSpeedValue" value="7.98028"/>
          <property name="Exif/Software" value="18.3.1"/>
          <property name="File/ImageHeight" value="3024"/>
          <property name="File/ImageWidth" value="4032"/>
          <property name="System/FileModifyDate" value="2025:03:24 21:32:26"/>
          <property name="System/FileSize" value="1182375"/>
        </meta>
      </photo>
    </camera>
    <camera camera_id="4">
      <photo path="../../../IMG_0134.JPG">
        <meta>
          <property name="Exif/ApertureValue" value="1.66375"/>
          <property name="Exif/DateTime" value="2025:03:24 21:32:28"/>
          <property name="Exif/DateTimeOriginal" value="2025:03:24 21:32:28"/>
          <property name="Exif/ExposureTime" value="0.00396825"/>
          <property name="Exif/FNumber" value="1.78"/>
          <property name="Exif/FocalLength" value="6.86"/>
          <property name="Exif/FocalLengthIn35mmFilm" value="24"/>
          <property name="Exif/GPSAltitude" value="466.482262703739"/>
          <property name="Exif/GPSDate" value="2025:03:24"/>
          <property name="Exif/GPSImgDirection" value="181.060440079328"/>
          <property name="Exif/GPSLatitude" value="23.9429388888889"/>
          <property name="Exif/GPSLongitude" value="120.930869444444"/>
          <property name="Exif/GPSTime" value="13:32:28"/>
          <property name="Exif/ISOSpeedRatings" value="80"/>
          <property name="Exif/LensMake" value="Apple"/>
          <property name="Exif/LensModel" value="iPhone 14 Pro Max back triple camera 6.86mm f/1.78"/>
          <property name="Exif/Make" value="Apple"/>
          <property name="Exif/Model" value="iPhone 14 Pro Max"/>
          <property name="Exif/Orientation" value="6"/>
          <property name="Exif/ShutterSpeedValue" value="7.97701"/>
          <property name="Exif/Software" value="18.3.1"/>
          <property name="File/ImageHeight" value="3024"/>
          <property name="File/ImageWidth" value="4032"/>
          <property name="System/FileModifyDate" value="2025:03:24 21:32:28"/>
          <property name="System/FileSize" value="1204248"/>
        </meta>
      </photo>
    </camera>
    <camera camera_id="5">
      <photo path="../../../IMG_0135.JPG">
        <meta>
          <property name="Exif/ApertureValue" value="1.66375"/>
          <property name="Exif/DateTime" value="2025:03:24 21:32:31"/>
          <property name="Exif/DateTimeOriginal" value="2025:03:24 21:32:31"/>
          <property name="Exif/ExposureTime" value="0.00242718"/>
          <property name="Exif/FNumber" value="1.78"/>
          <property name="Exif/FocalLength" value="6.86"/>
          <property name="Exif/FocalLengthIn35mmFilm" value="24"/>
          <property name="Exif/GPSAltitude" value="465.146564885496"/>
          <property name="Exif/GPSDate" value="2025:03:24"/>
          <property name="Exif/GPSImgDirection" value="161.586349534643"/>
          <property name="Exif/GPSLatitude" value="23.9429472222222"/>
          <property name="Exif/GPSLongitude" value="120.930861111111"/>
          <property name="Exif/GPSTime" value="13:32:31"/>
          <property name="Exif/ISOSpeedRatings" value="80"/>
          <property name="Exif/LensMake" value="Apple"/>
          <property name="Exif/LensModel" value="iPhone 14 Pro Max back triple camera 6.86mm f/1.78"/>
          <property name="Exif/Make" value="Apple"/>
          <property name="Exif/Model" value="iPhone 14 Pro Max"/>
          <property name="Exif/Orientation" value="6"/>
          <property name="Exif/ShutterSpeedValue" value="8.68661"/>
          <property name="Exif/Software" value="18.3.1"/>
          <property name="File/ImageHeight" value="3024"/>
          <property name="File/ImageWidth" value="4032"/>
          <property name="System/FileModifyDate" value="2025:03:24 21:32:31"/>
          <property name="System/FileSize" value="2181427"/>
        </meta>
      </photo>
    </camera>
    <camera camera_id="6">
      <photo path="../../../IMG_0136.JPG">
        <meta>
          <property name="Exif/ApertureValue" value="1.66375"/>
          <property name="Exif/DateTime" value="2025:03:24 21:32:34"/>
          <property name="Exif/DateTimeOriginal" value="2025:03:24 21:32:34"/>
          <property name="Exif/ExposureTime" value="0.0022779"/>
          <property name="Exif/FNumber" value="1.78"/>
          <property name="Exif/FocalLength" value="6.86"/>
          <property name="Exif/FocalLengthIn35mmFilm" value="24"/>
          <property name="Exif/GPSAltitude" value="464.505148394912"/>
          <property name="Exif/GPSDate" value="2025:03:24"/>
          <property name="Exif/GPSImgDirection" value="137.96487424111"/>
          <property name="Exif/GPSLatitude" value="23.9429527777778"/>
          <property name="Exif/GPSLongitude" value="120.930861111111"/>
          <property name="Exif/GPSTime" value="13:32:33"/>
          <property name="Exif/ISOSpeedRatings" value="80"/>
          <property name="Exif/LensMake" value="Apple"/>
          <property name="Exif/LensModel" value="iPhone 14 Pro Max back triple camera 6.86mm f/1.78"/>
          <property name="Exif/Make" value="Apple"/>
          <property name="Exif/Model" value="iPhone 14 Pro Max"/>
          <property name="Exif/Orientation" value="6"/>
          <property name="Exif/ShutterSpeedValue" value="8.77675"/>
          <property name="Exif/Software" value="18.3.1"/>
          <property name="File/ImageHeight" value="3024"/>
          <property name="File/ImageWidth" value="4032"/>
          <property name="System/FileModifyDate" value="2025:03:24 21:32:34"/>
          <property name="System/FileSize" value="2233566"/>
        </meta>
      </photo>
    </camera>
    <camera camera_id="7">
      <photo path="../../../IMG_0137.JPG">
        <meta>
          <property name="Exif/ApertureValue" value="1.66375"/>
          <property name="Exif/DateTime" value="2025:03:24 21:32:36"/>
          <property name="Exif/DateTimeOriginal" value="2025:03:24 21:32:36"/>
          <property name="Exif/ExposureTime" value="0.00251256"/>
          <property name="Exif/FNumber" value="1.78"/>
          <property name="Exif/FocalLength" value="6.86"/>
          <property name="Exif/FocalLengthIn35mmFilm" value="24"/>
          <property name="Exif/GPSAltitude" value="464.359245283019"/>
          <property name="Exif/GPSDate" value="2025:03:24"/>
          <property name="Exif/GPSImgDirection" value="126.352188151235"/>
          <property name="Exif/GPSLatitude" value="23.9429527777778"/>
          <property name="Exif/GPSLongitude" value="120.930861111111"/>
          <property name="Exif/GPSTime" value="13:32:35"/>
          <property name="Exif/ISOSpeedRatings" value="80"/>
          <property name="Exif/LensMake" value="Apple"/>
          <property name="Exif/LensModel" value="iPhone 14 Pro Max back triple camera 6.86mm f/1.78"/>
          <property name="Exif/Make" value="Apple"/>
          <property name="Exif/Model" value="iPhone 14 Pro Max"/>
          <property name="Exif/Orientation" value="6"/>
          <property name="Exif/ShutterSpeedValue" value="8.6358"/>
          <property name="Exif/Software" value="18.3.1"/>
          <property name="File/ImageHeight" value="3024"/>
          <property name="File/ImageWidth" value="4032"/>
          <property name="System/FileModifyDate" value="2025:03:24 21:32:36"/>
          <property name="System/FileSize" value="2264517"/>
        </meta>
      </photo>
    </camera>
    <camera camera_id="8">
      <photo path="../../../IMG_0138.JPG">
        <meta>
          <property name="Exif/ApertureValue" value="1.66375"/>
          <property name="Exif/DateTime" value="2025:03:24 21:32:38"/>
          <property name="Exif/DateTimeOriginal" value="2025:03:24 21:32:38"/>
          <property name="Exif/ExposureTime" value="0.00277778"/>
          <property name="Exif/FNumber" value="1.78"/>
          <property name="Exif/FocalLength" value="6.86"/>
          <property name="Exif/FocalLengthIn35mmFilm" value="24"/>
          <property name="Exif/GPSAltitude" value="464.831401475237"/>
          <property name="Exif/GPSDate" value="2025:03:24"/>
          <property name="Exif/GPSImgDirection" value="106.052093476144"/>
          <property name="Exif/GPSLatitude" value="23.9429638888889"/>
          <property name="Exif/GPSLongitude" value="120.930861111111"/>
          <property name="Exif/GPSTime" value="13:32:37"/>
          <property name="Exif/ISOSpeedRatings" value="80"/>
          <property name="Exif/LensMake" value="Apple"/>
          <property name="Exif/LensModel" value="iPhone 14 Pro Max back triple camera 6.86mm f/1.78"/>
          <property name="Exif/Make" value="Apple"/>
          <property name="Exif/Model" value="iPhone 14 Pro Max"/>
          <property name="Exif/Orientation" value="6"/>
          <property name="Exif/ShutterSpeedValue" value="8.49174"/>
          <property name="Exif/Software" value="18.3.1"/>
          <property name="File/ImageHeight" value="3024"/>
          <property name="File/ImageWidth" value="4032"/>
          <property name="System/FileModifyDate" value="2025:03:24 21:32:38"/>
          <property name="System/FileSize" value="2303680"/>
        </meta>
      </photo>
    </camera>
    <camera camera_id="9">
      <photo path="../../../IMG_0139.JPG">
        <meta>
          <property name="Exif/ApertureValue" value="1.66375"/>
          <property name="Exif/DateTime" value="2025:03:24 21:32:39"/>
          <property name="Exif/DateTimeOriginal" value="2025:03:24 21:32:39"/>
          <property name="Exif/ExposureTime" value="0.002849"/>
          <property name="Exif/FNumber" value="1.78"/>
          <property name="Exif/FocalLength" value="6.86"/>
          <property name="Exif/FocalLengthIn35mmFilm" value="24"/>
          <property name="Exif/GPSAltitude" value="464.843197071385"/>
          <property name="Exif/GPSDate" value="2025:03:24"/>
          <property name="Exif/GPSImgDirection" value="88.7094268880557"/>
          <property name="Exif/GPSLatitude" value="23.9429666666667"/>
          <property name="Exif/GPSLongitude" value="120.930855555556"/>
          <property name="Exif/GPSTime" value="13:32:39"/>
          <property name="Exif/ISOSpeedRatings" value="80"/>
          <property name="Exif/LensMake" value="Apple"/>
          <property name="Exif/LensModel" value="iPhone 14 Pro Max back triple camera 6.86mm f/1.78"/>
          <property name="Exif/Make" value="Apple"/>
          <property name="Exif/Model" value="iPhone 14 Pro Max"/>
          <property name="Exif/Orientation" value="6"/>
          <property name="Exif/ShutterSpeedValue" value="8.45685"/>
          <property name="Exif/Software" value="18.3.1"/>
          <property name="File/ImageHeight" value="3024"/>
          <property name="File/ImageWidth" value="4032"/>
          <property name="System/FileModifyDate" value="2025:03:24 21:32:39"/>
          <property name="System/FileSize" value="2227887"/>
        </meta>
      </photo>
    </camera>
    <camera camera_id="10">
      <photo path="../../../IMG_0140.JPG">
        <meta>
          <property name="Exif/ApertureValue" value="1.66375"/>
          <property name="Exif/DateTime" value="2025:03:24 21:32:41"/>
          <property name="Exif/DateTimeOriginal" value="2025:03:24 21:32:41"/>
          <property name="Exif/ExposureTime" value="0.00288184"/>
          <property name="Exif/FNumber" value="1.78"/>
          <property name="Exif/FocalLength" value="6.86"/>
          <property name="Exif/FocalLengthIn35mmFilm" value="24"/>
          <property name="Exif/GPSAltitude" value="464.737967914439"/>
          <property name="Exif/GPSDate" value="2025:03:24"/>
          <property name="Exif/GPSImgDirection" value="66.9061584472656"/>
          <property name="Exif/GPSLatitude" value="23.9429555555556"/>
          <property name="Exif/GPSLongitude" value="120.930847222222"/>
          <property name="Exif/GPSTime" value="13:32:41"/>
          <property name="Exif/ISOSpeedRatings" value="80"/>
          <property name="Exif/LensMake" value="Apple"/>
          <property name="Exif/LensModel" value="iPhone 14 Pro Max back triple camera 6.86mm f/1.78"/>
          <property name="Exif/Make" value="Apple"/>
          <property name="Exif/Model" value="iPhone 14 Pro Max"/>
          <property name="Exif/Orientation" value="6"/>
          <property name="Exif/ShutterSpeedValue" value="8.43671"/>
          <property name="Exif/Software" value="18.3.1"/>
          <property name="File/ImageHeight" value="3024"/>
          <property name="File/ImageWidth" value="4032"/>
          <property name="System/FileModifyDate" value="2025:03:24 21:32:41"/>
          <property name="System/FileSize" value="1148099"/>
        </meta>
      </photo>
    </camera>
    <camera camera_id="11">
      <photo path="../../../IMG_0141.JPG">
        <meta>
          <property name="Exif/ApertureValue" value="1.66375"/>
          <property name="Exif/DateTime" value="2025:03:24 21:32:47"/>
          <property name="Exif/DateTimeOriginal" value="2025:03:24 21:32:47"/>
          <property name="Exif/ExposureTime" value="0.0019084"/>
          <property name="Exif/FNumber" value="1.78"/>
          <property name="Exif/FocalLength" value="6.86"/>
          <property name="Exif/FocalLengthIn35mmFilm" value="24"/>
          <property name="Exif/GPSAltitude" value="466.051448335495"/>
          <property name="Exif/GPSDate" value="2025:03:24"/>
          <property name="Exif/GPSImgDirection" value="49.5844917463076"/>
          <property name="Exif/GPSLatitude" value="23.9429638888889"/>
          <property name="Exif/GPSLongitude" value="120.930847222222"/>
          <property name="Exif/GPSTime" value="13:32:47"/>
          <property name="Exif/ISOSpeedRatings" value="80"/>
          <property name="Exif/LensMake" value="Apple"/>
          <property name="Exif/LensModel" value="iPhone 14 Pro Max back triple camera 6.86mm f/1.78"/>
          <property name="Exif/Make" value="Apple"/>
          <property name="Exif/Model" value="iPhone 14 Pro Max"/>
          <property name="Exif/Orientation" value="6"/>
          <property name="Exif/ShutterSpeedValue" value="9.03297"/>
          <property name="Exif/Software" value="18.3.1"/>
          <property name="File/ImageHeight" value="3024"/>
          <property name="File/ImageWidth" value="4032"/>
          <property name="System/FileModifyDate" value="2025:03:24 21:32:47"/>
          <property name="System/FileSize" value="2423386"/>
        </meta>
      </photo>
    </camera>
    <camera camera_id="12">
      <photo path="../../../IMG_0142.JPG">
        <meta>
          <property name="Exif/ApertureValue" value="1.66375"/>
          <property name="Exif/DateTime" value="2025:03:24 21:32:49"/>
          <property name="Exif/DateTimeOriginal" value="2025:03:24 21:32:49"/>
          <property name="Exif/ExposureTime" value="0.0019685"/>
          <property name="Exif/FNumber" value="1.78"/>
          <property name="Exif/FocalLength" value="6.86"/>
          <property name="Exif/FocalLengthIn35mmFilm" value="24"/>
          <property name="Exif/GPSAltitude" value="466.309025270758"/>
          <property name="Exif/GPSDate" value="2025:03:24"/>
          <property name="Exif/GPSImgDirection" value="29.110107421875"/>
          <property name="Exif/GPSLatitude" value="23.9429583333333"/>
          <property name="Exif/GPSLongitude" value="120.930847222222"/>
          <property name="Exif/GPSTime" value="13:32:48"/>
          <property name="Exif/ISOSpeedRatings" value="80"/>
          <property name="Exif/LensMake" value="Apple"/>
          <property name="Exif/LensModel" value="iPhone 14 Pro Max back triple camera 6.86mm f/1.78"/>
          <property name="Exif/Make" value="Apple"/>
          <property name="Exif/Model" value="iPhone 14 Pro Max"/>
          <property name="Exif/Orientation" value="6"/>
          <property name="Exif/ShutterSpeedValue" value="8.98905"/>
          <property name="Exif/Software" value="18.3.1"/>
          <property name="File/ImageHeight" value="3024"/>
          <property name="File/ImageWidth" value="4032"/>
          <property name="System/FileModifyDate" value="2025:03:24 21:32:49"/>
          <property name="System/FileSize" value="2474410"/>
        </meta>
      </photo>
    </camera>
    <camera camera_id="13">
      <photo path="../../../IMG_0143.JPG">
        <meta>
          <property name="Exif/ApertureValue" value="1.66375"/>
          <property name="Exif/DateTime" value="2025:03:24 21:32:51"/>
          <property name="Exif/DateTimeOriginal" value="2025:03:24 21:32:51"/>
          <property name="Exif/ExposureTime" value="0.00220264"/>
          <property name="Exif/FNumber" value="1.78"/>
          <property name="Exif/FocalLength" value="6.86"/>
          <property name="Exif/FocalLengthIn35mmFilm" value="24"/>
          <property name="Exif/GPSAltitude" value="466.817848410758"/>
          <property name="Exif/GPSDate" value="2025:03:24"/>
          <property name="Exif/GPSImgDirection" value="354.648956356736"/>
          <property name="Exif/GPSLatitude" value="23.9429527777778"/>
          <property name="Exif/GPSLongitude" value="120.930847222222"/>
          <property name="Exif/GPSTime" value="13:32:50"/>
          <property name="Exif/ISOSpeedRatings" value="80"/>
          <property name="Exif/LensMake" value="Apple"/>
          <property name="Exif/LensModel" value="iPhone 14 Pro Max back triple camera 6.86mm f/1.78"/>
          <property name="Exif/Make" value="Apple"/>
          <property name="Exif/Model" value="iPhone 14 Pro Max"/>
          <property name="Exif/Orientation" value="6"/>
          <property name="Exif/ShutterSpeedValue" value="8.82697"/>
          <property name="Exif/Software" value="18.3.1"/>
          <property name="File/ImageHeight" value="3024"/>
          <property name="File/ImageWidth" value="4032"/>
          <property name="System/FileModifyDate" value="2025:03:24 21:32:51"/>
          <property name="System/FileSize" value="2744897"/>
        </meta>
      </photo>
    </camera>
    <camera camera_id="14">
      <photo path="../../../IMG_0144.JPG">
        <meta>
          <property name="Exif/ApertureValue" value="1.66375"/>
          <property name="Exif/DateTime" value="2025:03:24 21:32:58"/>
          <property name="Exif/DateTimeOriginal" value="2025:03:24 21:32:58"/>
          <property name="Exif/ExposureTime" value="0.00189036"/>
          <property name="Exif/FNumber" value="1.78"/>
          <property name="Exif/FocalLength" value="6.86"/>
          <property name="Exif/FocalLengthIn35mmFilm" value="24"/>
          <property name="Exif/GPSAltitude" value="467.145420207743"/>
          <property name="Exif/GPSDate" value="2025:03:24"/>
          <property name="Exif/GPSImgDirection" value="324.33721898418"/>
          <property name="Exif/GPSLatitude" value="23.9429611111111"/>
          <property name="Exif/GPSLongitude" value="120.930838888889"/>
          <property name="Exif/GPSTime" value="13:32:58"/>
          <property name="Exif/ISOSpeedRatings" value="80"/>
          <property name="Exif/LensMake" value="Apple"/>
          <property name="Exif/LensModel" value="iPhone 14 Pro Max back triple camera 6.86mm f/1.78"/>
          <property name="Exif/Make" value="Apple"/>
          <property name="Exif/Model" value="iPhone 14 Pro Max"/>
          <property name="Exif/Orientation" value="6"/>
          <property name="Exif/ShutterSpeedValue" value="9.0474"/>
          <property name="Exif/Software" value="18.3.1"/>
          <property name="File/ImageHeight" value="3024"/>
          <property name="File/ImageWidth" value="4032"/>
          <property name="System/FileModifyDate" value="2025:03:24 21:32:58"/>
          <property name="System/FileSize" value="2481547"/>
        </meta>
      </photo>
    </camera>
    <camera camera_id="15">
      <photo path="../../../IMG_0145.JPG">
        <meta>
          <property name="Exif/ApertureValue" value="1.66375"/>
          <property name="Exif/DateTime" value="2025:03:24 21:33:01"/>
          <property name="Exif/DateTimeOriginal" value="2025:03:24 21:33:01"/>
          <property name="Exif/ExposureTime" value="0.00210526"/>
          <property name="Exif/FNumber" value="1.78"/>
          <property name="Exif/FocalLength" value="6.86"/>
          <property name="Exif/FocalLengthIn35mmFilm" value="24"/>
          <property name="Exif/GPSAltitude" value="467.202998846597"/>
          <property name="Exif/GPSDate" value="2025:03:24"/>
          <property name="Exif/GPSImgDirection" value="305.31448355453"/>
          <property name="Exif/GPSLatitude" value="23.9429638888889"/>
          <property name="Exif/GPSLongitude" value="120.930847222222"/>
          <property name="Exif/GPSTime" value="13:33:01"/>
          <property name="Exif/ISOSpeedRatings" value="80"/>
          <property name="Exif/LensMake" value="Apple"/>
          <property name="Exif/LensModel" value="iPhone 14 Pro Max back triple camera 6.86mm f/1.78"/>
          <property name="Exif/Make" value="Apple"/>
          <property name="Exif/Model" value="iPhone 14 Pro Max"/>
          <property name="Exif/Orientation" value="6"/>
          <property name="Exif/ShutterSpeedValue" value="8.89265"/>
          <property name="Exif/Software" value="18.3.1"/>
          <property name="File/ImageHeight" value="3024"/>
          <property name="File/ImageWidth" value="4032"/>
          <property name="System/FileModifyDate" value="2025:03:24 21:33:01"/>
          <property name="System/FileSize" value="2400510"/>
        </meta>
      </photo>
    </camera>
    <camera camera_id="16">
      <photo path="../../../IMG_0146.JPG">
        <meta>
          <property name="Exif/ApertureValue" value="1.66375"/>
          <property name="Exif/DateTime" value="2025:03:24 21:33:10"/>
          <property name="Exif/DateTimeOriginal" value="2025:03:24 21:33:10"/>
          <property name="Exif/ExposureTime" value="0.00274725"/>
          <property name="Exif/FNumber" value="1.78"/>
          <property name="Exif/FocalLength" value="6.86"/>
          <property name="Exif/FocalLengthIn35mmFilm" value="24"/>
          <property name="Exif/GPSAltitude" value="470.913262964663"/>
          <property name="Exif/GPSDate" value="2025:03:24"/>
          <property name="Exif/GPSImgDirection" value="283.835357624831"/>
          <property name="Exif/GPSLatitude" value="23.9429277777778"/>
          <property name="Exif/GPSLongitude" value="120.930861111111"/>
          <property name="Exif/GPSTime" value="13:33:10"/>
          <property name="Exif/ISOSpeedRatings" value="80"/>
          <property name="Exif/LensMake" value="Apple"/>
          <property name="Exif/LensModel" value="iPhone 14 Pro Max back triple camera 6.86mm f/1.78"/>
          <property name="Exif/Make" value="Apple"/>
          <property name="Exif/Model" value="iPhone 14 Pro Max"/>
          <property name="Exif/Orientation" value="6"/>
          <property name="Exif/ShutterSpeedValue" value="8.50688"/>
          <property name="Exif/Software" value="18.3.1"/>
          <property name="File/ImageHeight" value="3024"/>
          <property name="File/ImageWidth" value="4032"/>
          <property name="System/FileModifyDate" value="2025:03:24 21:33:10"/>
          <property name="System/FileSize" value="2338680"/>
        </meta>
      </photo>
    </camera>
    <camera camera_id="17">
      <photo path="../../../IMG_0147.JPG">
        <meta>
          <property name="Exif/ApertureValue" value="1.66375"/>
          <property name="Exif/DateTime" value="2025:03:24 21:33:14"/>
          <property name="Exif/DateTimeOriginal" value="2025:03:24 21:33:14"/>
          <property name="Exif/ExposureTime" value="0.00260417"/>
          <property name="Exif/FNumber" value="1.78"/>
          <property name="Exif/FocalLength" value="6.86"/>
          <property name="Exif/FocalLengthIn35mmFilm" value="24"/>
          <property name="Exif/GPSAltitude" value="470.360575104048"/>
          <property name="Exif/GPSDate" value="2025:03:24"/>
          <property name="Exif/GPSImgDirection" value="259.268158047647"/>
          <property name="Exif/GPSLatitude" value="23.9429388888889"/>
          <property name="Exif/GPSLongitude" value="120.930869444444"/>
          <property name="Exif/GPSTime" value="13:33:13"/>
          <property name="Exif/ISOSpeedRatings" value="80"/>
          <property name="Exif/LensMake" value="Apple"/>
          <property name="Exif/LensModel" value="iPhone 14 Pro Max back triple camera 6.86mm f/1.78"/>
          <property name="Exif/Make" value="Apple"/>
          <property name="Exif/Model" value="iPhone 14 Pro Max"/>
          <property name="Exif/Orientation" value="6"/>
          <property name="Exif/ShutterSpeedValue" value="8.58616"/>
          <property name="Exif/Software" value="18.3.1"/>
          <property name="File/ImageHeight" value="3024"/>
          <property name="File/ImageWidth" value="4032"/>
          <property name="System/FileModifyDate" value="2025:03:24 21:33:14"/>
          <property name="System/FileSize" value="2392973"/>
        </meta>
      </photo>
    </camera>
    <camera camera_id="18">
      <photo path="../../../IMG_0148.JPG">
        <meta>
          <property name="Exif/ApertureValue" value="1.66375"/>
          <property name="Exif/DateTime" value="2025:03:24 21:33:16"/>
          <property name="Exif/DateTimeOriginal" value="2025:03:24 21:33:16"/>
          <property name="Exif/ExposureTime" value="0.00251256"/>
          <property name="Exif/FNumber" value="1.78"/>
          <property name="Exif/FocalLength" value="6.86"/>
          <property name="Exif/FocalLengthIn35mmFilm" value="24"/>
          <property name="Exif/GPSAltitude" value="470.687554395126"/>
          <property name="Exif/GPSDate" value="2025:03:24"/>
          <property name="Exif/GPSImgDirection" value="228.901977644024"/>
          <property name="Exif/GPSLatitude" value="23.9429333333333"/>
          <property name="Exif/GPSLongitude" value="120.930886111111"/>
          <property name="Exif/GPSTime" value="13:33:16"/>
          <property name="Exif/ISOSpeedRatings" value="80"/>
          <property name="Exif/LensMake" value="Apple"/>
          <property name="Exif/LensModel" value="iPhone 14 Pro Max back triple camera 6.86mm f/1.78"/>
          <property name="Exif/Make" value="Apple"/>
          <property name="Exif/Model" value="iPhone 14 Pro Max"/>
          <property name="Exif/Orientation" value="6"/>
          <property name="Exif/ShutterSpeedValue" value="8.6358"/>
          <property name="Exif/Software" value="18.3.1"/>
          <property name="File/ImageHeight" value="3024"/>
          <property name="File/ImageWidth" value="4032"/>
          <property name="System/FileModifyDate" value="2025:03:24 21:33:16"/>
          <property name="System/FileSize" value="2163863"/>
        </meta>
      </photo>
    </camera>
    <camera camera_id="19">
      <photo path="../../../IMG_0149.JPG">
        <meta>
          <property name="Exif/ApertureValue" value="1.66375"/>
          <property name="Exif/DateTime" value="2025:03:24 21:33:18"/>
          <property name="Exif/DateTimeOriginal" value="2025:03:24 21:33:18"/>
          <property name="Exif/ExposureTime" value="0.00234742"/>
          <property name="Exif/FNumber" value="1.78"/>
          <property name="Exif/FocalLength" value="6.86"/>
          <property name="Exif/FocalLengthIn35mmFilm" value="24"/>
          <property name="Exif/GPSAltitude" value="470.260501832535"/>
          <property name="Exif/GPSDate" value="2025:03:24"/>
          <property name="Exif/GPSImgDirection" value="204.727020357804"/>
          <property name="Exif/GPSLatitude" value="23.9429416666667"/>
          <property name="Exif/GPSLongitude" value="120.930886111111"/>
          <property name="Exif/GPSTime" value="13:33:17"/>
          <property name="Exif/ISOSpeedRatings" value="80"/>
          <property name="Exif/LensMake" value="Apple"/>
          <property name="Exif/LensModel" value="iPhone 14 Pro Max back triple camera 6.86mm f/1.78"/>
          <property name="Exif/Make" value="Apple"/>
          <property name="Exif/Model" value="iPhone 14 Pro Max"/>
          <property name="Exif/Orientation" value="6"/>
          <property name="Exif/ShutterSpeedValue" value="8.73435"/>
          <property name="Exif/Software" value="18.3.1"/>
          <property name="File/ImageHeight" value="3024"/>
          <property name="File/ImageWidth" value="4032"/>
          <property name="System/FileModifyDate" value="2025:03:24 21:33:18"/>
          <property name="System/FileSize" value="2261211"/>
        </meta>
      </photo>
    </camera>
  </cameras>
  <thumbnails path="thumbnails/thumbnails.zip"/>
  <point_cloud path="point_cloud/point_cloud.zip"/>
  <depth_maps id="0" path="depth_maps/depth_maps.zip"/>
  <model id="0" path="model/model.zip"/>
  <model id="1" path="model.1/model.zip"/>
  <model id="2" path="model.2/model.zip"/>
  <model id="3" path="model.3/model.zip"/>
</frame>
